{
    "0": [
        583.0,
        59.0,
        3.6768338558175087,
        9.97432398385611,
        14.496869446845505
    ],
    "1": [
        645.6,
        68.4,
        4.667417215297933,
        15.904470926492703,
        17.82779724917746
    ],
    "2": [
        723.6,
        82.6,
        5.519244157295042,
        24.284587086360283,
        21.08058690434928
    ],
    "3": [
        771.8571428571429,
        93.42857142857143,
        6.0887340541583574,
        34.013171576367405,
        22.55806703831738
    ],
    "4": [
        836.5,
        104.5,
        6.36864643062399,
        43.08602658657308,
        24.0179476107589
    ],
    "5": [
        851.1428571428571,
        115.42857142857143,
        6.4962027600564864,
        55.16239935896153,
        24.405903408213838
    ],
    "6": [
        909.6,
        122.8,
        6.552128416392904,
        65.13416359081936,
        24.874681178543984
    ],
    "7": [
        897.8571428571429,
        125.0,
        6.549621680753835,
        75.97272321241564,
        24.891573532801264
    ],
    "8": [
        1005.1666666666666,
        128.33333333333334,
        6.583400518110004,
        87.4274453948917,
        25.11268052923377
    ],
    "9": [
        1041.2,
        126.8,
        6.559929397932481,
        98.78509101934296,
        24.8822687734774
    ],
    "10": [
        1108.25,
        130.25,
        6.573937981197304,
        110.11640129163293,
        24.942108212845888
    ],
    "11": [
        1129.7,
        129.5,
        6.588922767786346,
        120.72583651508339,
        25.09005153788717
    ],
    "12": [
        1184.0,
        129.8,
        6.580120954245089,
        131.87792237419416,
        25.005622141408047
    ],
    "13": [
        1244.75,
        130.0,
        6.576016212754657,
        143.0043049123122,
        24.985910039937416
    ],
    "14": [
        1309.1538461538462,
        130.6153846153846,
        6.587811913618354,
        153.48339801671176,
        24.882781302209686
    ],
    "15": [
        1318.5454545454545,
        133.45454545454547,
        6.607683668497955,
        164.5632203658616,
        25.123140028217993
    ],
    "16": [
        1424.0,
        127.0,
        6.565331695640639,
        175.27808988764045,
        24.191706786631386
    ],
    "17": [
        1422.8333333333333,
        132.33333333333334,
        6.59396125243767,
        186.5912003335297,
        24.92495585927883
    ],
    "18": [
        1517.0,
        124.33333333333333,
        6.581143157182809,
        197.410752481661,
        25.004603023157728
    ],
    "19": [
        1557.3,
        116.2,
        6.488107038310119,
        207.87789953970568,
        24.667076067908443
    ],
    "20": [
        1636.0,
        103.33333333333333,
        6.244608288030842,
        218.53086376816194,
        23.37861150341008
    ],
    "21": [
        1662.3333333333333,
        93.77777777777777,
        5.766348343269083,
        228.32616197610776,
        21.63438200047514
    ],
    "22": [
        1687.4285714285713,
        81.28571428571429,
        5.044938124027931,
        236.83371663235963,
        18.785692973600842
    ]
}