{
    "0": [
        531.4,
        56.8,
        3.5346611625502122,
        9.318958591621385,
        14.23609181106969
    ],
    "1": [
        639.5714285714286,
        68.0,
        4.624786160076064,
        15.626828947646175,
        17.41008106589119
    ],
    "2": [
        678.2,
        81.8,
        5.477764308978283,
        23.96602680926736,
        20.969688309860253
    ],
    "3": [
        715.0,
        91.57142857142857,
        6.071251018820905,
        33.43521323574351,
        22.839743198638114
    ],
    "4": [
        809.8333333333334,
        106.33333333333333,
        6.367550787484902,
        43.88975373242287,
        24.213591858998896
    ],
    "5": [
        831.75,
        113.25,
        6.484506960024809,
        54.64907427524999,
        24.397385185673166
    ],
    "6": [
        928.3333333333334,
        123.66666666666667,
        6.5689784199454655,
        65.92617179336077,
        25.205463051804855
    ],
    "7": [
        990.6,
        125.4,
        6.572441282684895,
        76.7906484814128,
        24.893164646594904
    ],
    "8": [
        979.1428571428571,
        128.0,
        6.573634174671666,
        87.76779697163487,
        25.0547737661173
    ],
    "9": [
        1082.142857142857,
        127.85714285714286,
        6.57307234540251,
        98.50629383185033,
        24.96020345679005
    ],
    "10": [
        1121.7142857142858,
        127.85714285714286,
        6.583795857582614,
        109.44257001815106,
        25.019550013579465
    ],
    "11": [
        1147.142857142857,
        129.85714285714286,
        6.592323522583969,
        120.42527177835947,
        25.03429495547508
    ],
    "12": [
        1169.75,
        133.0,
        6.585995190452795,
        131.26610964967165,
        25.071949655060436
    ],
    "13": [
        1251.3333333333333,
        134.66666666666666,
        6.621977079717328,
        142.3197775286222,
        25.433718581231194
    ],
    "14": [
        1314.888888888889,
        133.0,
        6.599517589910172,
        153.29914134865558,
        25.11083809476133
    ],
    "15": [
        1343.888888888889,
        131.55555555555554,
        6.585819709529251,
        164.62152066436687,
        24.78036732632633
    ],
    "16": [
        1424.0,
        134.33333333333334,
        6.598203641479913,
        175.5975739653155,
        24.876513849591777
    ],
    "17": [
        1471.909090909091,
        131.45454545454547,
        6.589443690810578,
        186.3380662519329,
        24.80515455265935
    ],
    "18": [
        1503.6666666666667,
        124.22222222222223,
        6.573055583302095,
        197.5765086686198,
        24.8064305613457
    ],
    "19": [
        1521.6666666666667,
        114.33333333333333,
        6.448678201273103,
        208.6374794107185,
        23.96465612913215
    ],
    "20": [
        1604.375,
        105.875,
        6.251655449737036,
        218.5528005033018,
        23.52771174166297
    ],
    "21": [
        1664.1538461538462,
        93.92307692307692,
        5.770309118578477,
        228.36795945299022,
        21.688646427055232
    ],
    "22": [
        1712.6,
        84.0,
        5.0092691836526795,
        236.90539771650145,
        19.130439429289105
    ]
}