{
    "gnn_algo": {
        "accuracy": 0.04666666666666667,
        "macro_recall": 0.043478260869565216,
        "macro_precision": 0.002098950524737631,
        "false_positive_rate_overall": 0.9533333333333334
    },
    "lstm_algo": {
        "accuracy": 0.04,
        "macro_recall": 0.03781653129479216,
        "macro_precision": 0.009304173268801124,
        "false_positive_rate_overall": 0.96
    },
    "xgb_algo": {
        "accuracy": 1.0,
        "macro_recall": 1.0,
        "macro_precision": 1.0,
        "false_positive_rate_overall": 0.0
    },
    "xgb_arch": {
        "accuracy": 1.0,
        "macro_recall": 1.0,
        "macro_precision": 1.0,
        "false_positive_rate_overall": 0.0
    },
    "xgb_proto": {
        "accuracy": 1.0,
        "macro_recall": 1.0,
        "macro_precision": 1.0,
        "false_positive_rate_overall": 0.0
    },
    "overall_ensemble": {
        "accuracy": 0.08666666666666667,
        "macro_recall": 0.08129479216435738,
        "macro_precision": 0.11378375560421228,
        "false_positive_rate_overall": 0.9133333333333333
    },
    "ocsvm": {
        "accuracy": 0.9533333333333334,
        "precision": 0.9761904761904762,
        "recall": 0.9425287356321839,
        "false_positive_rate": 0.031746031746031744,
        "false_negative_rate": 0.05747126436781609,
        "n_standard": 63,
        "n_nonstandard": 87,
        "false_positives": 2,
        "false_negatives": 5,
        "true_standard_normal": 61,
        "true_nonstandard_outlier": 82
    }
}